bighood,smallhood
Center,Castro/Upper Market
Center,Haight Ashbury
Center,Twin Peaks
Center,Mission
Center,Noe Valley
NorthEast,Potrero Hill
NorthEast,Marina
NorthEast,Treasure Island/YBI
NorthEast,Financial District
NorthEast,North Beach
NorthEast,Russian Hill
NorthEast,Pacific Heights
NorthEast,South of Market
NorthEast,Nob Hill
NorthEast,Western Addition
NorthEast,Chinatown
NorthEast,Downtown/Civic Center
NorthWest,Inner Sunset
NorthWest,Outer Sunset
NorthWest,Presidio
NorthWest,Seacliff
NorthWest,Inner Richmond
NorthWest,Golden Gate Park
NorthWest,Outer Richmond
NorthWest,Presidio Heights
SouthEast,Crocker Amazon
SouthEast,Visitacion Valley
SouthEast,Bayview
SouthEast,Glen Park
SouthEast,Excelsior
SouthEast,Bernal Heights
SouthWest,Parkside
SouthWest,Ocean View
SouthWest,Lakeshore
SouthWest,Outer Mission
SouthWest,Diamond Heights
SouthWest,West of Twin Peaks
